Hotspot_index,Position_start,Position_stop,Clock_model,Poisson_mean,Negative_Binomial_Sucess,Negative_Binomial_Probability,Fixed_probability,AA,AT,AG,AC,TA,TT,TG,TC,GA,GT,GG,GC,CA,CT,CG,CC
1,38,38,Poisson,0.33333,NA,NA,NA,0.9,0,0.1,0,0.85,0,0.15,0,0.55,0,0.45,0,0.85,0,0.15,0
2,47,47,Poisson,0.33333,NA,NA,NA,0,0.95,0,0.05,0,0.95,0,0.05,0,0.95,0,0.05,0,0.95,0,0.05
3,49,49,Poisson,0.33333,NA,NA,NA,0.05,0,0.95,0,0.05,0,0.95,0,0.05,0,0.95,0,0.05,0,0.95,0
4,51,51,Poisson,0.33333,NA,NA,NA,0,1,0,0,0,1,0,0,0,1,0,0,0,1,0,0
5,53,53,Poisson,0.33333,NA,NA,NA,0,0,1,0,0,0,1,0,0,0,1,0,0,0,1,0
6,57,57,Poisson,0.33333,NA,NA,NA,1,0,0,0,1,0,0,0,1,0,0,0,1,0,0,0
7,60,60,Poisson,0.33333,NA,NA,NA,1,0,0,0,1,0,0,0,1,0,0,0,1,0,0,0
8,61,61,Poisson,0.33333,NA,NA,NA,0.2,0,0.8,0,0.05,0,0.95,0,0.05,0,0.95,0,0.05,0,0.95,0
9,69,69,Poisson,0.33333,NA,NA,NA,0.95,0,0.05,0,0.95,0,0.05,0,0.9,0,0.1,0,0.95,0,0.05,0
10,77,77,Poisson,0.33333,NA,NA,NA,0,0.95,0,0.05,0,0.95,0,0.05,0,0.95,0,0.05,0,0.9,0,0.1
11,85,85,Poisson,0.33333,NA,NA,NA,0.1,0,0.9,0,0.1,0,0.9,0,0.1,0,0.9,0,0.1,0,0.9,0
12,86,86,Poisson,0.33333,NA,NA,NA,0.95,0,0.05,0,0.95,0,0.05,0,0.95,0,0.05,0,0.95,0,0.05,0
13,87,87,Poisson,0.33333,NA,NA,NA,0.95,0,0.05,0,0.95,0,0.05,0,0.95,0,0.05,0,0.95,0,0.05,0
14,89,89,Poisson,0.33333,NA,NA,NA,1,0,0,0,1,0,0,0,1,0,0,0,1,0,0,0
15,90,90,Poisson,0.33333,NA,NA,NA,0.95,0,0.05,0,0.95,0,0.05,0,0.95,0,0.05,0,0.95,0,0.05,0
16,100,100,Poisson,0.33333,NA,NA,NA,0,0.95,0,0.05,0,0.95,0,0.05,0,0.95,0,0.05,0,0.95,0,0.05
17,101,101,Poisson,0.33333,NA,NA,NA,0,0.95,0,0.05,0,0.95,0,0.05,0,0.95,0,0.05,0,0.9,0,0.1
18,105,105,Poisson,0.33333,NA,NA,NA,0.95,0,0.05,0,0.95,0,0.05,0,0.8,0,0.2,0,0.95,0,0.05,0
19,106,106,Poisson,0.33333,NA,NA,NA,0.1,0,0.9,0,0.05,0,0.95,0,0.05,0,0.95,0,0.05,0,0.95,0
20,107,107,Poisson,0.33333,NA,NA,NA,0.95,0,0.05,0,0.95,0,0.05,0,0.8,0,0.2,0,0.95,0,0.05,0
21,108,108,Poisson,0.33333,NA,NA,NA,0.95,0,0.05,0,0.95,0,0.05,0,0.95,0,0.05,0,0.95,0,0.05,0
22,110,110,Poisson,0.33333,NA,NA,NA,0,1,0,0,0,1,0,0,0,1,0,0,0,1,0,0
23,115,115,Poisson,0.33333,NA,NA,NA,1,0,0,0,1,0,0,0,1,0,0,0,1,0,0,0
24,118,118,Poisson,0.33333,NA,NA,NA,0.05,0,0.95,0,0.05,0,0.95,0,0.05,0,0.95,0,0.05,0,0.95,0
25,121,121,Poisson,0.33333,NA,NA,NA,0.33,0.33,0,0.34,0.33,0.33,0,0.34,0.33,0.33,0,0.34,0.33,0.33,0,0.34
26,126,126,Poisson,0.33333,NA,NA,NA,1,0,0,0,1,0,0,0,1,0,0,0,1,0,0,0
27,130,130,Poisson,0.33333,NA,NA,NA,0.1,0,0.9,0,0.05,0,0.95,0,0.05,0,0.95,0,0.05,0,0.95,0
28,135,135,Poisson,0.33333,NA,NA,NA,0.5,0,0.5,0,0.5,0,0.5,0,0.5,0,0.5,0,0.5,0,0.5,0
29,136,136,Poisson,0.33333,NA,NA,NA,0.95,0,0.05,0,0.95,0,0.05,0,0.95,0,0.05,0,0.95,0,0.05,0
30,137,137,Poisson,0.33333,NA,NA,NA,0.95,0,0.05,0,0.95,0,0.05,0,0.95,0,0.05,0,0.95,0,0.05,0
31,139,139,Poisson,0.33333,NA,NA,NA,1,0,0,0,1,0,0,0,1,0,0,0,1,0,0,0
32,146,146,Poisson,0.33333,NA,NA,NA,1,0,0,0,1,0,0,0,1,0,0,0,1,0,0,0
33,149,149,Poisson,0.33333,NA,NA,NA,0,1,0,0,0,1,0,0,0,1,0,0,0,1,0,0
34,150,150,Poisson,0.33333,NA,NA,NA,0.02,0.96,0.02,0,0.02,0.96,0.02,0,0.02,0.96,0.02,0,0.02,0.96,0.02,0
35,153,153,Poisson,0.33333,NA,NA,NA,0.05,0,0.95,0,0.05,0,0.95,0,0.05,0,0.95,0,0.05,0,0.95,0
36,159,159,Poisson,0.33333,NA,NA,NA,0.95,0,0.05,0,0.95,0,0.05,0,0.95,0,0.05,0,0.95,0,0.05,0
37,168,168,Poisson,0.33333,NA,NA,NA,0,0.1,0,0.9,0,0.2,0,0.8,0,0.1,0,0.9,0,0.1,0,0.9
38,174,174,Poisson,0.33333,NA,NA,NA,0,1,0,0,0,1,0,0,0,1,0,0,0,1,0,0
39,178,178,Poisson,0.33333,NA,NA,NA,0.05,0,0.95,0,0.05,0,0.95,0,0.05,0,0.95,0,0.05,0,0.95,0
40,181,181,Poisson,0.33333,NA,NA,NA,0,0.95,0,0.05,0,0.95,0,0.05,0,0.95,0,0.05,0,0.9,0,0.1
41,186,186,Poisson,0.33333,NA,NA,NA,0,0.05,0,0.95,0,0.05,0,0.95,0,0.05,0,0.95,0,0.05,0,0.95
42,188,188,Poisson,0.33333,NA,NA,NA,0,0.95,0,0.05,0,0.95,0,0.05,0,0.95,0,0.05,0,0.95,0,0.05
43,192,192,Poisson,0.33333,NA,NA,NA,0.05,0,0.95,0,0.05,0,0.95,0,0.05,0,0.95,0,0.05,0,0.95,0
44,193,193,Poisson,0.33333,NA,NA,NA,0.95,0,0.05,0,0.95,0,0.05,0,0.95,0,0.05,0,0.95,0,0.05,0
45,194,194,Poisson,0.33333,NA,NA,NA,0.95,0,0.05,0,0.95,0,0.05,0,0.95,0,0.05,0,0.95,0,0.05,0
46,195,195,Poisson,0.33333,NA,NA,NA,0.95,0,0.05,0,0.95,0,0.05,0,0.95,0,0.05,0,0.95,0,0.05,0
47,199,199,Poisson,0.33333,NA,NA,NA,0.05,0,0.95,0,0.05,0,0.95,0,0.05,0,0.95,0,0.05,0,0.95,0
48,202,202,Poisson,0.33333,NA,NA,NA,0.95,0,0.05,0,0.95,0,0.05,0,0.8,0,0.2,0,0.95,0,0.05,0
49,204,204,Poisson,0.33333,NA,NA,NA,0,0.95,0,0.05,0,0.95,0,0.05,0,0.95,0,0.05,0,0.5,0,0.5
50,209,209,Poisson,0.33333,NA,NA,NA,1,0,0,0,1,0,0,0,0.25,0,0.75,0,1,0,0,0
51,210,210,Poisson,0.33333,NA,NA,NA,0.8,0,0.2,0,0.8,0,0.2,0,0.75,0,0.25,0,0.8,0,0.2,0
52,219,219,Poisson,0.33333,NA,NA,NA,0.95,0,0.05,0,0.95,0,0.05,0,0.8,0,0.2,0,0.95,0,0.05,0
53,220,220,Poisson,0.33333,NA,NA,NA,0,0.9,0.1,0,0,0.9,0.1,0,0,0.9,0.1,0,0,0.9,0.1,0
54,227,227,Poisson,0.33333,NA,NA,NA,0.95,0,0.05,0,0.95,0,0.05,0,0.8,0,0.2,0,0.95,0,0.05,0
55,231,231,Poisson,0.33333,NA,NA,NA,0,0.03,0,0.97,0,0.03,0,0.97,0,0.03,0,0.97,0,0.03,0,0.97
56,235,235,Poisson,0.33333,NA,NA,NA,0.05,0,0.95,0,0.05,0,0.95,0,0.05,0,0.95,0,0.05,0,0.95,0
57,237,237,Poisson,0.33333,NA,NA,NA,0.95,0,0.05,0,0.95,0,0.05,0,0.95,0,0.05,0,0.95,0,0.05,0
58,239,239,Poisson,0.33333,NA,NA,NA,0,0.95,0,0.05,0,0.95,0,0.05,0,0.95,0,0.05,0,0.8,0,0.2
59,245,245,Poisson,0.33333,NA,NA,NA,1,0,0,0,1,0,0,0,1,0,0,0,1,0,0,0
60,246,246,Poisson,0.33333,NA,NA,NA,0.2,0,0.8,0,0.2,0,0.8,0,0.2,0,0.8,0,0.2,0,0.8,0
61,248,248,Poisson,0.33333,NA,NA,NA,0.7,0,0.3,0,0.7,0,0.3,0,0.7,0,0.3,0,0.7,0,0.3,0
62,250,250,Poisson,0.33333,NA,NA,NA,0.95,0,0.05,0,0.95,0,0.05,0,0.95,0,0.05,0,0.95,0,0.05,0
63,252,252,Poisson,0.33333,NA,NA,NA,0,1,0,0,0,1,0,0,0,1,0,0,0,1,0,0
64,256,256,Poisson,0.33333,NA,NA,NA,0.1,0,0.9,0,0.05,0,0.95,0,0.05,0,0.95,0,0.05,0,0.95,0
65,258,258,Poisson,0.33333,NA,NA,NA,0,0.15,0,0.85,0,0.15,0,0.85,0,0.15,0,0.85,0,0.15,0,0.85
66,259,259,Poisson,0.33333,NA,NA,NA,0,0.95,0,0.05,0,0.95,0,0.05,0,0.95,0,0.05,0,0.85,0,0.15
67,260,260,Poisson,0.33333,NA,NA,NA,0,1,0,0,0,1,0,0,0,1,0,0,0,1,0,0
68,267,267,Poisson,0.33333,NA,NA,NA,1,0,0,0,1,0,0,0,1,0,0,0,1,0,0,0
69,273,273,Poisson,0.33333,NA,NA,NA,0.7,0,0.3,0,0.7,0,0.3,0,0.7,0,0.3,0,0.7,0,0.3,0
70,276,276,Poisson,0.33333,NA,NA,NA,0.95,0,0.05,0,0.95,0,0.05,0,0.75,0,0.25,0,0.95,0,0.05,0
71,283,283,Poisson,0.33333,NA,NA,NA,0,0.05,0,0.95,0,0.1,0,0.9,0,0.05,0,0.95,0,0.05,0,0.95
72,285,285,Poisson,0.33333,NA,NA,NA,1,0,0,0,1,0,0,0,1,0,0,0,1,0,0,0
73,286,286,Poisson,0.33333,NA,NA,NA,0,0.05,0,0.95,0,0.1,0,0.9,0,0.05,0,0.95,0,0.05,0,0.95
74,291,291,Poisson,0.33333,NA,NA,NA,0,0.05,0,0.95,0,0.1,0,0.9,0,0.05,0,0.95,0,0.05,0,0.95
75,297,297,Poisson,0.33333,NA,NA,NA,0.05,0,0.95,0,0.05,0,0.95,0,0.05,0,0.95,0,0.05,0,0.95,0
76,301,301,Poisson,0.33333,NA,NA,NA,1,0,0,0,1,0,0,0,1,0,0,0,1,0,0,0
77,304,304,Poisson,0.33333,NA,NA,NA,0.95,0,0,0.05,0.95,0,0,0.05,0.95,0,0,0.05,0.95,0,0,0.05
78,305,305,Poisson,0.33333,NA,NA,NA,0.9,0,0.1,0,0.9,0,0.1,0,0.9,0,0.1,0,0.9,0,0.1,0
79,307,307,Poisson,0.33333,NA,NA,NA,1,0,0,0,1,0,0,0,1,0,0,0,1,0,0,0
80,318,318,Poisson,0.33333,NA,NA,NA,1,0,0,0,1,0,0,0,1,0,0,0,1,0,0,0
81,319,319,Poisson,0.33333,NA,NA,NA,1,0,0,0,1,0,0,0,1,0,0,0,1,0,0,0
82,322,322,Poisson,0.33333,NA,NA,NA,0.25,0,0.75,0,0.25,0,0.75,0,0.25,0,0.75,0,0.25,0,0.75,0
83,325,325,Poisson,0.33333,NA,NA,NA,0,0,0,1,0,0,0,1,0,0,0,1,0,0,0,1
84,328,328,Poisson,0.33333,NA,NA,NA,0.2,0,0.8,0,0.05,0,0.95,0,0.05,0,0.95,0,0.05,0,0.95,0
85,329,329,Poisson,0.33333,NA,NA,NA,1,0,0,0,1,0,0,0,1,0,0,0,1,0,0,0
86,333,333,Poisson,0.33333,NA,NA,NA,0.2,0,0.8,0,0.05,0,0.95,0,0.05,0,0.95,0,0.05,0,0.95,0
87,334,334,Poisson,0.33333,NA,NA,NA,0.05,0,0.95,0,0.05,0,0.95,0,0.05,0,0.95,0,0.05,0,0.95,0
88,337,337,Poisson,0.33333,NA,NA,NA,0.2,0,0.8,0,0.05,0,0.95,0,0.05,0,0.95,0,0.05,0,0.95,0
89,342,342,Poisson,0.33333,NA,NA,NA,1,0,0,0,1,0,0,0,1,0,0,0,1,0,0,0
90,345,345,Poisson,0.33333,NA,NA,NA,0,0.65,0,0.35,0,0.65,0,0.35,0,0.65,0,0.35,0,0.65,0,0.35
91,348,348,Poisson,0.33333,NA,NA,NA,0,0.95,0,0.05,0,0.95,0,0.05,0,0.95,0,0.05,0,0.85,0,0.15
92,353,353,Poisson,0.33333,NA,NA,NA,0,0.95,0,0.05,0,0.95,0,0.05,0,0.95,0,0.05,0,0.85,0,0.15
93,354,354,Poisson,0.33333,NA,NA,NA,0,0.05,0.95,0,0,0.1,0.9,0,0,0.35,0.65,0,0,0.05,0.95,0
94,359,359,Poisson,0.33333,NA,NA,NA,0,1,0,0,0,1,0,0,0,1,0,0,0,1,0,0
95,364,364,Poisson,0.33333,NA,NA,NA,0.95,0,0.05,0,0.95,0,0.05,0,0.95,0,0.05,0,0.95,0,0.05,0
96,368,368,Poisson,0.33333,NA,NA,NA,1,0,0,0,1,0,0,0,1,0,0,0,1,0,0,0
97,369,369,Poisson,0.33333,NA,NA,NA,0.95,0,0.05,0,0.95,0,0.05,0,0.95,0,0.05,0,0.95,0,0.05,0
98,372,372,Poisson,0.33333,NA,NA,NA,0,0.35,0,0.65,0,0.35,0,0.65,0,0.35,0,0.65,0,0.35,0,0.65
99,375,375,Poisson,0.33333,NA,NA,NA,0.05,0,0.95,0,0.05,0,0.95,0,0.05,0,0.95,0,0.05,0,0.95,0
100,376,376,Poisson,0.33333,NA,NA,NA,0.95,0,0.05,0,0.95,0,0.05,0,0.95,0,0.05,0,0.95,0,0.05,0
101,377,377,Poisson,0.33333,NA,NA,NA,0.95,0,0.05,0,0.95,0,0.05,0,0.95,0,0.05,0,0.95,0,0.05,0
102,378,378,Poisson,0.33333,NA,NA,NA,0.05,0,0.95,0,0.05,0,0.95,0,0.05,0,0.95,0,0.05,0,0.95,0
103,382,382,Poisson,0.33333,NA,NA,NA,0.95,0,0.05,0,0.95,0,0.05,0,0.95,0,0.05,0,0.95,0,0.05,0
104,393,393,Poisson,0.33333,NA,NA,NA,0,0.05,0,0.95,0,0.05,0,0.95,0,0.05,0,0.95,0,0.05,0,0.95
105,395,395,Poisson,0.33333,NA,NA,NA,0,0.99,0,0.01,0,0.99,0,0.01,0,0.99,0,0.01,0,0.99,0,0.01
106,396,396,Poisson,0.33333,NA,NA,NA,0.99,0,0.01,0,0.99,0,0.01,0,0.99,0,0.01,0,0.99,0,0.01,0
107,400,400,Poisson,0.33333,NA,NA,NA,0.99,0,0.01,0,0.99,0,0.01,0,0.99,0,0.01,0,0.99,0,0.01,0
108,408,408,Poisson,0.33333,NA,NA,NA,0,0,0,1,0,0,0,1,0,0,0,1,0,0,0,1
109,423,423,Poisson,0.33333,NA,NA,NA,0.01,0,0.99,0,0.01,0,0.99,0,0.01,0,0.99,0,0.01,0,0.99,0
110,424,424,Poisson,0.33333,NA,NA,NA,0.95,0,0.05,0,0.95,0,0.05,0,0.95,0,0.05,0,0.95,0,0.05,0
111,426,426,Poisson,0.33333,NA,NA,NA,0,0.95,0.05,0,0,0.95,0.05,0,0,0.95,0.05,0,0,0.95,0.05,0
112,434,434,Poisson,0.33333,NA,NA,NA,1,0,0,0,1,0,0,0,1,0,0,0,1,0,0,0
113,439,439,Poisson,0.33333,NA,NA,NA,0.95,0,0.05,0,0.95,0,0.05,0,0.95,0,0.05,0,0.95,0,0.05,0
114,446,446,Poisson,0.33333,NA,NA,NA,0,0.95,0,0.05,0,0.95,0,0.05,0,0.95,0,0.05,0,0.95,0,0.05
115,448,448,Poisson,0.33333,NA,NA,NA,0,0.05,0,0.95,0,0.05,0,0.95,0,0.05,0,0.95,0,0.05,0,0.95
116,452,452,Poisson,0.33333,NA,NA,NA,1,0,0,0,1,0,0,0,1,0,0,0,1,0,0,0
117,462,462,Poisson,0.33333,NA,NA,NA,0.95,0,0.05,0,0.95,0,0.05,0,0.95,0,0.05,0,0.95,0,0.05,0
118,465,465,Poisson,0.33333,NA,NA,NA,0.95,0,0.05,0,0.95,0,0.05,0,0.95,0,0.05,0,0.95,0,0.05,0
119,471,471,Poisson,0.33333,NA,NA,NA,0.95,0,0.05,0,0.95,0,0.05,0,0.95,0,0.05,0,0.95,0,0.05,0
120,474,474,Poisson,0.33333,NA,NA,NA,0.95,0,0.05,0,0.95,0,0.05,0,0.95,0,0.05,0,0.95,0,0.05,0
121,480,480,Poisson,0.33333,NA,NA,NA,0,0.95,0,0.05,0,0.95,0,0.05,0,0.95,0,0.05,0,0.95,0,0.05
122,483,483,Poisson,0.33333,NA,NA,NA,0.05,0,0.95,0,0.05,0,0.95,0,0.05,0,0.95,0,0.05,0,0.95,0
123,485,485,Poisson,0.33333,NA,NA,NA,0.05,0,0.95,0,0.05,0,0.95,0,0.05,0,0.95,0,0.05,0,0.95,0
124,486,486,Poisson,0.33333,NA,NA,NA,0,0.9,0,0.1,0,0.9,0,0.1,0,0.9,0,0.1,0,0.9,0,0.1
125,487,487,Poisson,0.33333,NA,NA,NA,0.9,0.05,0.05,0,0.9,0.05,0.05,0,0.9,0.05,0.05,0,0.9,0.05,0.05,0
126,495,495,Poisson,0.33333,NA,NA,NA,0.95,0,0.05,0,0.95,0,0.05,0,0.95,0,0.05,0,0.95,0,0.05,0
127,500,500,Poisson,0.33333,NA,NA,NA,0,0.95,0,0.05,0,0.95,0,0.05,0,0.95,0,0.05,0,0.95,0,0.05
128,504,504,Poisson,0.33333,NA,NA,NA,0.95,0,0.05,0,0.95,0,0.05,0,0.95,0,0.05,0,0.95,0,0.05,0
129,510,510,Poisson,0.33333,NA,NA,NA,0,0.95,0,0.05,0,0.95,0,0.05,0,0.95,0,0.05,0,0.9,0,0.1
130,512,512,Poisson,0.33333,NA,NA,NA,0.05,0.92,0,0.03,0.05,0.92,0,0.03,0.05,0.92,0,0.03,0.05,0.92,0,0.03
131,513,513,Poisson,0.33333,NA,NA,NA,0,0.95,0,0.05,0,0.95,0,0.05,0,0.95,0,0.05,0,0.95,0,0.05
132,515,515,Poisson,0.33333,NA,NA,NA,0,0,1,0,0,0,1,0,0,0,1,0,0,0,1,0
133,516,516,Poisson,0.33333,NA,NA,NA,1,0,0,0,1,0,0,0,1,0,0,0,1,0,0,0
134,519,519,Poisson,0.33333,NA,NA,NA,0.95,0,0.05,0,0.95,0,0.05,0,0.95,0,0.05,0,0.95,0,0.05,0
135,521,521,Poisson,0.33333,NA,NA,NA,1,0,0,0,1,0,0,0,1,0,0,0,1,0,0,0
136,528,528,Poisson,0.33333,NA,NA,NA,0.95,0,0.05,0,0.95,0,0.05,0,0.95,0,0.05,0,0.95,0,0.05,0
137,531,531,Poisson,0.33333,NA,NA,NA,0.95,0,0,0.05,0.95,0,0,0.05,0.95,0,0,0.05,0.95,0,0,0.05
138,534,534,Poisson,0.33333,NA,NA,NA,0.95,0,0.05,0,0.95,0,0.05,0,0.95,0,0.05,0,0.95,0,0.05,0
139,537,537,Poisson,0.33333,NA,NA,NA,0,1,0,0,0,1,0,0,0,1,0,0,0,0.35,0,0.65
140,538,538,Poisson,0.33333,NA,NA,NA,0.95,0,0.05,0,0.95,0,0.05,0,0.95,0,0.05,0,0.95,0,0.05,0
141,542,542,Poisson,0.33333,NA,NA,NA,0.95,0,0.05,0,0.95,0,0.05,0,0.95,0,0.05,0,0.95,0,0.05,0
142,549,549,Poisson,0.33333,NA,NA,NA,0,0.05,0,0.95,0,0.05,0,0.95,0,0.05,0,0.95,0,0.05,0,0.95
143,550,550,Poisson,0.33333,NA,NA,NA,0.95,0,0.05,0,0.95,0,0.05,0,0.8,0,0.2,0,0.95,0,0.05,0
144,555,555,Poisson,0.33333,NA,NA,NA,0,0.95,0,0.05,0,0.95,0,0.05,0,0.95,0,0.05,0,0.95,0,0.05
145,557,557,Poisson,0.33333,NA,NA,NA,1,0,0,0,1,0,0,0,1,0,0,0,1,0,0,0
146,559,559,Poisson,0.33333,NA,NA,NA,0,1,0,0,0,1,0,0,0,1,0,0,0,1,0,0
147,564,564,Poisson,0.33333,NA,NA,NA,0,1,0,0,0,1,0,0,0,1,0,0,0,1,0,0
148,570,570,Poisson,0.33333,NA,NA,NA,0.95,0,0,0.05,0.95,0,0,0.05,0.95,0,0,0.05,0.95,0,0,0.05
149,571,571,Poisson,0.33333,NA,NA,NA,0,0.95,0,0.05,0,0.95,0,0.05,0,0.95,0,0.05,0,0.95,0,0.05
150,576,576,Poisson,0.33333,NA,NA,NA,0,0.05,0,0.95,0,0.05,0,0.95,0,0.05,0,0.95,0,0.05,0,0.95
151,583,583,Poisson,0.33333,NA,NA,NA,0.95,0,0.05,0,0.95,0,0.05,0,0.95,0,0.05,0,0.95,0,0.05,0
152,584,584,Poisson,0.33333,NA,NA,NA,0,0.95,0,0.05,0,0.95,0,0.05,0,0.95,0,0.05,0,0.95,0,0.05
153,585,585,Poisson,0.33333,NA,NA,NA,1,0,0,0,1,0,0,0,1,0,0,0,1,0,0,0
154,586,586,Poisson,0.33333,NA,NA,NA,0.15,0,0.85,0,0.15,0,0.85,0,0.15,0,0.85,0,0.15,0,0.85,0
155,587,587,Poisson,0.33333,NA,NA,NA,0.15,0,0.85,0,0.15,0,0.85,0,0.15,0,0.85,0,0.15,0,0.85,0
156,588,588,Poisson,0.33333,NA,NA,NA,0.05,0,0.95,0,0.05,0,0.95,0,0.05,0,0.95,0,0.05,0,0.95,0
157,589,589,Poisson,0.33333,NA,NA,NA,0,0,0,1,0,0,0,1,0,0,0,1,0,0,0,1
158,590,590,Poisson,0.33333,NA,NA,NA,0.95,0,0.05,0,0.95,0,0.05,0,0.95,0,0.05,0,0.95,0,0.05,0
159,594,594,Poisson,0.33333,NA,NA,NA,0,0.95,0,0.05,0,0.95,0,0.05,0,0.95,0,0.05,0,0.95,0,0.05
160,599,599,Poisson,0.33333,NA,NA,NA,0,0.25,0,0.75,0,0.25,0,0.75,0,0.25,0,0.75,0,0.25,0,0.75
161,601,601,Poisson,0.33333,NA,NA,NA,0.95,0,0.05,0,0.95,0,0.05,0,0.95,0,0.05,0,0.95,0,0.05,0
162,609,609,Poisson,0.33333,NA,NA,NA,0.05,0,0.95,0,0.05,0,0.95,0,0.05,0,0.95,0,0.05,0,0.95,0
163,610,610,Poisson,0.33333,NA,NA,NA,0.05,0,0.95,0,0.05,0,0.95,0,0.05,0,0.95,0,0.05,0,0.95,0
164,614,614,Poisson,0.33333,NA,NA,NA,0,0.95,0,0.05,0,0.95,0,0.05,0,0.95,0,0.05,0,0.95,0,0.05
165,615,615,Poisson,0.33333,NA,NA,NA,0,0.05,0.95,0,0,0.05,0.95,0,0,0.05,0.95,0,0,0.05,0.95,0
166,616,616,Poisson,0.33333,NA,NA,NA,0.95,0.05,0,0,0.95,0.05,0,0,0.95,0.05,0,0,0.95,0.05,0,0
167,617,617,Poisson,0.33333,NA,NA,NA,0.05,0,0.95,0,0.05,0,0.95,0,0.05,0,0.95,0,0.05,0,0.95,0
168,618,618,Poisson,0.33333,NA,NA,NA,0.95,0,0.05,0,0.95,0,0.05,0,0.95,0,0.05,0,0.95,0,0.05,0
169,624,624,Poisson,0.33333,NA,NA,NA,0,0.95,0,0.05,0,0.95,0,0.05,0,0.95,0,0.05,0,0.95,0,0.05
170,626,626,Poisson,0.33333,NA,NA,NA,0,0.95,0,0.05,0,0.95,0,0.05,0,0.95,0,0.05,0,0.95,0,0.05
171,629,629,Poisson,0.33333,NA,NA,NA,0,0.5,0.5,0,0,0.5,0.5,0,0,0.5,0.5,0,0,0.5,0.5,0
172,630,630,Poisson,0.33333,NA,NA,NA,0.05,0,0.95,0,0.05,0,0.95,0,0.05,0,0.95,0,0.05,0,0.95,0
173,631,631,Poisson,0.33333,NA,NA,NA,1,0,0,0,1,0,0,0,1,0,0,0,1,0,0,0
174,632,632,Poisson,0.33333,NA,NA,NA,1,0,0,0,1,0,0,0,1,0,0,0,1,0,0,0
175,633,633,Poisson,0.33333,NA,NA,NA,0.25,0,0.75,0,0.25,0,0.75,0,0.25,0,0.75,0,0.25,0,0.75,0
176,639,639,Poisson,0.33333,NA,NA,NA,0.95,0,0.05,0,0.95,0,0.05,0,0.95,0,0.05,0,0.95,0,0.05,0
177,643,643,Poisson,0.33333,NA,NA,NA,0.05,0.94,0.005,0.005,0.05,0.94,0.005,0.005,0.05,0.94,0.005,0.005,0.05,0.94,0.005,0.005
178,644,644,Poisson,0.33333,NA,NA,NA,0.85,0,0,0.15,0.85,0,0,0.15,0.85,0,0,0.15,0.85,0,0,0.15
179,648,648,Poisson,0.33333,NA,NA,NA,0.97,0,0.03,0,0.97,0,0.03,0,0.97,0,0.03,0,0.97,0,0.03,0
180,651,651,Poisson,0.33333,NA,NA,NA,0.97,0.03,0,0,0.65,0.35,0,0,0.97,0.03,0,0,0.97,0.03,0,0
181,654,654,Poisson,0.33333,NA,NA,NA,0,0.05,0,0.95,0,0.05,0,0.95,0,0.05,0,0.95,0,0.05,0,0.95
182,655,655,Poisson,0.33333,NA,NA,NA,0.97,0,0.03,0,0.97,0,0.03,0,0.97,0,0.03,0,0.97,0,0.03,0
183,659,659,Poisson,0.33333,NA,NA,NA,0.97,0,0.03,0,0.97,0,0.03,0,0.97,0,0.03,0,0.97,0,0.03,0
184,660,660,Poisson,0.33333,NA,NA,NA,0.15,0,0.85,0,0.15,0,0.85,0,0.15,0,0.85,0,0.15,0,0.85,0
185,661,661,Poisson,0.33333,NA,NA,NA,0,0.05,0,0.95,0,0.05,0,0.95,0,0.05,0,0.95,0,0.05,0,0.95
186,662,662,Poisson,0.33333,NA,NA,NA,1,0,0,0,1,0,0,0,1,0,0,0,1,0,0,0
187,668,668,Poisson,0.33333,NA,NA,NA,0.97,0,0.03,0,0.97,0,0.03,0,0.97,0,0.03,0,0.97,0,0.03,0
188,669,669,Poisson,0.33333,NA,NA,NA,0.97,0.03,0,0,0.97,0.03,0,0,0.97,0.03,0,0,0.97,0.03,0,0
189,671,671,Poisson,0.33333,NA,NA,NA,1,0,0,0,1,0,0,0,1,0,0,0,1,0,0,0
190,672,672,Poisson,0.33333,NA,NA,NA,0.97,0,0.03,0,0.97,0,0.03,0,0.97,0,0.03,0,0.97,0,0.03,0
191,675,675,Poisson,0.33333,NA,NA,NA,0,0.15,0,0.85,0,0.15,0,0.85,0,0.15,0,0.85,0,0.15,0,0.85
192,679,679,Poisson,0.33333,NA,NA,NA,0,0.97,0,0.03,0,0.97,0,0.03,0,0.97,0,0.03,0,0.97,0,0.03
